{"train_acc": 0.8272193877551021, "train_loss": 1.8732191685267856, "_timestamp": 1679584579.7464514, "_runtime": 4631.824385404587, "_step": 5, "test_acc": 0.0390625, "test_loss": 3.224456787109375}