{"train_acc": 0.9942753232758621, "train_loss": 0.015229039479201109, "_timestamp": 1680519768.107457, "_runtime": 2113.933086872101, "_step": 39, "test_acc": 0.7455357142857143, "test_loss": 0.9693848229944706, "_wandb": {"runtime": 2112}}