{"train_acc": 0.03920918367346939, "train_loss": 3.1964655004228866, "_timestamp": 1679528422.5813625, "_runtime": 1514.8583345413208, "_step": 1, "test_acc": 0.0359375, "test_loss": 3.206889581680298}