{"train_acc": 0.9903780677861395, "train_loss": 0.0835642782995532, "_timestamp": 1680600622.7717247, "_runtime": 449.1632397174835, "_step": 3, "test_acc": 0.31145833333333334, "test_loss": 2.3875067472457885}