{"train_acc": 0.9971153846153846, "train_loss": 0.009933615163496981, "_timestamp": 1680436526.6786232, "_runtime": 7255.718934297562, "_step": 39, "test_acc": 0.8789540816326531, "test_loss": 0.38219107281553005, "_wandb": {"runtime": 7254}}