{"train_acc": 0.14626275510204081, "train_loss": 2.9631797068459647, "_timestamp": 1679530382.813007, "_runtime": 1596.48459815979, "_step": 1, "test_acc": 0.0390625, "test_loss": 3.2333356857299806}