{"train_acc": 0.8625255102040816, "train_loss": 0.9553761608260019, "_timestamp": 1678288303.7213168, "_runtime": 2483.8612987995148, "_step": 1, "test_acc": 0.059375, "test_loss": 3.5847191333770754, "_wandb": {"runtime": 3528}}