{"train_acc": 0.8017273629944636, "train_loss": 0.8548145181608747, "_timestamp": 1681218306.432634, "_runtime": 815.237074136734, "_step": 1, "test_acc": 0.571573359073359, "test_loss": 1.5226320040469268}