{"train_acc": 0.7680612244897959, "train_loss": 1.5294186762401036, "_timestamp": 1678283886.5343695, "_runtime": 2386.4858605861664, "_step": 1, "test_acc": 0.059375, "test_loss": 3.4485845804214477}