{"train_acc": 0.9975, "train_loss": 0.010461279563605786, "_timestamp": 1680421633.6381214, "_runtime": 3175.6542212963104, "_step": 3, "test_acc": 0.0390625, "test_loss": 3.393555784225464}