{"train_acc": 0.12213467048710602, "train_loss": 3.053462411066181, "_timestamp": 1679504363.265691, "_runtime": 3210.6251389980316, "_step": 3, "test_acc": 0.02631578947368421, "test_loss": 3.216418467069927}