{"train_acc": 0.9985736514522822, "train_loss": 0.003938162835139522, "_timestamp": 1680522229.2804325, "_runtime": 2110.5835814476013, "_step": 39, "test_acc": 0.466796875, "test_loss": 1.9000998586416245, "_wandb": {"runtime": 2109}}