{"train_acc": 0.9677101678407515, "train_loss": 0.11464077323374555, "_timestamp": 1680768534.689478, "_runtime": 1883.799775838852, "_step": 15, "test_acc": 0.6791666666666667, "test_loss": 1.052389375368754}