{"train_acc": 0.9909151058631922, "train_loss": 0.03604029798849883, "_timestamp": 1680601845.3414004, "_runtime": 354.54364943504333, "_step": 3, "test_acc": 0.2947916666666667, "test_loss": 2.871379502614339}