{"train_acc": 0.16038265306122448, "train_loss": 2.954381743839809, "_timestamp": 1679575961.3069508, "_runtime": 4747.737109899521, "_step": 5, "test_acc": 0.0390625, "test_loss": 3.2166235208511353}