{"train_acc": 0.9943239795918367, "train_loss": 0.02796628519094416, "_timestamp": 1678314901.610113, "_runtime": 25216.55848789215, "_step": 39, "test_acc": 0.0390625, "test_loss": 5.424695372581482, "_wandb": {"runtime": 25215}}