{"train_acc": 0.6959311224489796, "train_loss": 1.480415508406503, "_timestamp": 1679842996.4276938, "_runtime": 26922.543893814087, "_step": 35, "test_acc": 0.059375, "test_loss": 4.573565196990967}