{"train_acc": 0.45735969387755104, "train_loss": 2.172460000855582, "_timestamp": 1679560131.1907954, "_runtime": 1590.9428675174713, "_step": 1, "test_acc": 0.075, "test_loss": 4.254821801185608}