{"train_acc": 0.9422639800382828, "train_loss": 0.2200365970644663, "_timestamp": 1680426371.4876125, "_runtime": 1294.8972675800323, "_step": 1, "test_acc": 1.0, "test_loss": 0.03972955420613289}