{"train_acc": 0.48881377551020405, "train_loss": 2.0019868837084087, "_timestamp": 1679556069.3922637, "_runtime": 2984.130746603012, "_step": 3, "test_acc": 0.0734375, "test_loss": 3.784733271598816}