{"train_acc": 0.49855867346938776, "train_loss": 2.235280000141689, "_timestamp": 1679499594.8965254, "_runtime": 9580.009538412094, "_step": 11, "test_acc": 0.046875, "test_loss": 3.244029712677002}