{"train_acc": 0.9989820846905537, "train_loss": 0.004005485432156978, "_timestamp": 1680592108.9854925, "_runtime": 1279.0583624839783, "_step": 7, "test_acc": 0.484375, "test_loss": 2.1416070386767387}