{"train_acc": 0.9718265612714815, "train_loss": 0.10019993996217313, "_timestamp": 1680604965.2516532, "_runtime": 1889.1078081130981, "_step": 19, "test_acc": 0.19895833333333332, "test_loss": 2.948754342397054}