{"train_acc": 0.04169642857142857, "train_loss": 3.188905259541103, "_timestamp": 1679588600.1635697, "_runtime": 2965.286343574524, "_step": 3, "test_acc": 0.0328125, "test_loss": 3.2040959119796755}