{"train_acc": 0.9263113816898018, "train_loss": 0.21790590411461463, "_timestamp": 1681217425.5169632, "_runtime": 8479.05675816536, "_step": 39, "test_acc": 0.6305657060121346, "test_loss": 1.1695203850159839, "_wandb": {"runtime": 8477}}