{"train_acc": 0.999185667752443, "train_loss": 0.0027974830139038745, "_timestamp": 1680596783.2743595, "_runtime": 3312.5331785678864, "_step": 39, "test_acc": 0.409375, "test_loss": 2.765029005209605, "_wandb": {"runtime": 3311}}