{"train_acc": 0.9834821428571429, "train_loss": 0.06470007280569656, "_timestamp": 1679610647.0472238, "_runtime": 15664.923710823059, "_step": 17, "test_acc": 0.053125, "test_loss": 6.448589181900024}