{"train_acc": 0.9299165309446255, "train_loss": 0.44888955471181713, "_timestamp": 1680600850.965935, "_runtime": 170.0291531085968, "_step": 1, "test_acc": 0.31875, "test_loss": 2.3399551153182983}