{"train_acc": 0.9974685754189944, "train_loss": 0.005783826090126687, "_timestamp": 1680453788.041003, "_runtime": 2141.5465879440308, "_step": 39, "test_acc": 0.9890625, "test_loss": 0.03845835726242512, "_wandb": {"runtime": 2140}}