{"train_acc": 0.44516219811706914, "train_loss": 3.2547055735629065, "_timestamp": 1679910984.8695338, "_runtime": 9456.449095726013, "_step": 13, "test_acc": 0.044407894736842105, "test_loss": 7.452377168755782}