{"train_acc": 0.044911481784690954, "train_loss": 3.1854887391229756, "_timestamp": 1679525728.086717, "_runtime": 20931.51473879814, "_step": 25, "test_acc": 0.039473684210526314, "test_loss": 3.200973209581877}