{"train_acc": 0.9716276750453624, "train_loss": 0.08891986531771784, "_timestamp": 1680775877.7416065, "_runtime": 4084.6724665164948, "_step": 39, "test_acc": 0.7333333333333333, "test_loss": 0.8556329687436421, "_wandb": {"runtime": 4082}}