{"train_acc": 0.32137755102040816, "train_loss": 2.7176699808665683, "_timestamp": 1679593795.3535938, "_runtime": 4929.410087823868, "_step": 5, "test_acc": 0.0453125, "test_loss": 3.373426818847656}