{"train_acc": 0.4314540816326531, "train_loss": 8.163124258858817, "_timestamp": 1679901097.820579, "_runtime": 6182.106862068176, "_step": 7, "test_acc": 0.0734375, "test_loss": 15.467967224121093}