{"train_acc": 0.9758245114006515, "train_loss": 0.11843033163036229, "_timestamp": 1680601113.6424432, "_runtime": 173.28000211715698, "_step": 1, "test_acc": 0.4635416666666667, "test_loss": 1.9029227296511333}