{"train_acc": 0.948722516286645, "train_loss": 0.2188450021423545, "_timestamp": 1680601376.4481966, "_runtime": 190.8507387638092, "_step": 1, "test_acc": 0.39479166666666665, "test_loss": 2.1639605363210044}