{"train_acc": 0.9965110075255532, "train_loss": 0.011728505574770466, "_timestamp": 1680612445.408629, "_runtime": 2348.5967738628387, "_step": 13, "test_acc": 0.390625, "test_loss": 2.5013285080591836}